{"stats":{"minecraft:custom":{"minecraft:jump":81,"minecraft:time_since_rest":5289,"minecraft:crouch_one_cm":84,"minecraft:sprint_one_cm":19084,"minecraft:play_time":5289,"minecraft:time_since_death":5289,"minecraft:walk_one_cm":10288,"minecraft:sneak_time":15,"minecraft:total_world_time":5289,"minecraft:fall_one_cm":2508,"minecraft:fly_one_cm":19077},"minecraft:picked_up":{"minecraft:stick":3,"minecraft:spruce_sapling":2,"minecraft:dirt":1},"minecraft:used":{"minecraft:dirt":1},"minecraft:mined":{"minecraft:grass_block":1}},"DataVersion":3465}