{"stats":{"minecraft:custom":{"minecraft:time_since_rest":7052,"minecraft:interact_with_furnace":4,"minecraft:sprint_one_cm":23805,"minecraft:damage_taken":15,"minecraft:walk_one_cm":10809,"minecraft:mob_kills":4,"minecraft:damage_dealt":390,"minecraft:interact_with_crafting_table":4,"minecraft:fly_one_cm":45383,"minecraft:play_time":7052,"minecraft:sneak_time":3,"minecraft:jump":173,"minecraft:leave_game":1,"minecraft:walk_on_water_one_cm":493,"minecraft:time_since_death":7052,"minecraft:total_world_time":7052,"minecraft:fall_one_cm":6368},"minecraft:killed":{"minecraft:pig":4},"minecraft:crafted":{"minecraft:oak_planks":20,"minecraft:cooked_porkchop":2,"minecraft:crafting_table":1,"minecraft:spruce_planks":56,"minecraft:stick":8,"minecraft:wooden_pickaxe":1,"minecraft:stone_pickaxe":1,"minecraft:wooden_axe":1,"minecraft:furnace":1,"minecraft:stone_axe":1,"minecraft:air":0},"minecraft:picked_up":{"minecraft:crafting_table":2,"minecraft:porkchop":9,"minecraft:oak_log":5,"minecraft:spruce_sapling":1,"minecraft:spruce_log":20,"minecraft:dirt":4,"minecraft:cobblestone":18},"minecraft:mined":{"minecraft:spruce_log":20,"minecraft:crafting_table":2,"minecraft:grass":4,"minecraft:grass_block":2,"minecraft:oak_log":5,"minecraft:dirt":2,"minecraft:tall_grass":1,"minecraft:spruce_leaves":6,"minecraft:stone":18},"minecraft:used":{"minecraft:wooden_axe":11,"minecraft:wooden_pickaxe":18,"minecraft:spruce_sapling":1,"minecraft:stone_axe":17,"minecraft:dirt":4,"minecraft:crafting_table":3,"minecraft:furnace":1,"minecraft:cooked_porkchop":1}},"DataVersion":3465}